Series Name,Series Code,Country Name,Country Code,1990 [YR1990],2000 [YR2000],2014 [YR2014],2015 [YR2015],2016 [YR2016],2017 [YR2017],2018 [YR2018],2019 [YR2019],2020 [YR2020],2021 [YR2021],2022 [YR2022],2023 [YR2023]
Gini index,SI.POV.GINI,Afghanistan,AFG,..,..,..,..,..,..,..,..,..,..,..,..
Gini index,SI.POV.GINI,Albania,ALB,..,..,34.6,32.8,33.7,33.1,30.1,30.1,29.4,..,..,..
Gini index,SI.POV.GINI,Algeria,DZA,..,..,..,..,..,..,..,..,..,..,..,..
Gini index,SI.POV.GINI,American Samoa,ASM,..,..,..,..,..,..,..,..,..,..,..,..
Gini index,SI.POV.GINI,Andorra,AND,..,..,..,..,..,..,..,..,..,..,..,..
Gini index,SI.POV.GINI,Angola,AGO,..,51.9,..,..,..,..,51.3,..,..,..,..,..
Gini index,SI.POV.GINI,Antigua and Barbuda,ATG,..,..,..,..,..,..,..,..,..,..,..,..
Gini index,SI.POV.GINI,Argentina,ARG,..,51,41.8,..,42.3,41.4,41.7,43.3,42.7,42.4,40.7,..
Gini index,SI.POV.GINI,Armenia,ARM,..,..,31.5,32.4,32.5,33.6,34.4,30,25.1,27.9,27.9,..
Gini index,SI.POV.GINI,Aruba,ABW,..,..,..,..,..,..,..,..,..,..,..,..
Gini index,SI.POV.GINI,Australia,AUS,..,..,34.4,..,33.7,..,34.3,..,..,..,..,..
Gini index,SI.POV.GINI,Austria,AUT,..,29,30.5,30.5,30.8,29.7,30.8,30.2,29.8,30.7,..,..
Gini index,SI.POV.GINI,Azerbaijan,AZE,..,..,..,..,..,..,..,..,..,..,..,..
Gini index,SI.POV.GINI,"Bahamas, The",BHS,..,..,..,..,..,..,..,..,..,..,..,..
Gini index,SI.POV.GINI,Bahrain,BHR,..,..,..,..,..,..,..,..,..,..,..,..
Gini index,SI.POV.GINI,Bangladesh,BGD,..,33.4,..,..,32.4,..,..,..,..,..,33.4,..
Gini index,SI.POV.GINI,Barbados,BRB,..,..,..,..,..,..,..,..,..,..,..,..
Gini index,SI.POV.GINI,Belarus,BLR,..,31.2,27.2,25.6,25.3,25.4,25.2,25.3,24.4,..,..,..
Gini index,SI.POV.GINI,Belgium,BEL,..,33.1,28.1,27.7,27.6,27.4,27.2,27.2,26,26.6,..,..
Gini index,SI.POV.GINI,Belize,BLZ,..,..,..,..,..,..,..,..,..,..,..,..
Gini index,SI.POV.GINI,Benin,BEN,..,..,..,47.6,..,..,37.9,..,..,34.4,..,..
Gini index,SI.POV.GINI,Bermuda,BMU,..,..,..,..,..,..,..,..,..,..,..,..
Gini index,SI.POV.GINI,Bhutan,BTN,..,..,..,..,..,37.4,..,..,..,..,28.5,..
Gini index,SI.POV.GINI,Bolivia,BOL,42,61.6,47.8,46.7,45.2,44.6,42.6,41.6,43.6,40.9,..,..
Gini index,SI.POV.GINI,Bosnia and Herzegovina,BIH,..,..,..,..,..,..,..,..,..,..,..,..
Gini index,SI.POV.GINI,Botswana,BWA,..,..,..,53.3,..,..,..,..,..,..,..,..
Gini index,SI.POV.GINI,Brazil,BRA,60.4,..,52,51.9,53.4,53.3,53.9,53.5,48.9,52.9,52,..
Gini index,SI.POV.GINI,British Virgin Islands,VGB,..,..,..,..,..,..,..,..,..,..,..,..
Gini index,SI.POV.GINI,Brunei Darussalam,BRN,..,..,..,..,..,..,..,..,..,..,..,..
Gini index,SI.POV.GINI,Bulgaria,BGR,..,..,37.4,38.6,40.6,40.4,41.3,40.3,40.5,39,..,..
Gini index,SI.POV.GINI,Burkina Faso,BFA,..,..,35.3,..,..,..,43,..,..,37.4,..,..
Gini index,SI.POV.GINI,Burundi,BDI,..,..,..,..,..,..,..,..,37.5,..,..,..
Gini index,SI.POV.GINI,Cabo Verde,CPV,..,..,..,42.4,..,..,..,..,..,..,..,..
Gini index,SI.POV.GINI,Cambodia,KHM,..,..,..,..,..,..,..,..,..,..,..,..
Gini index,SI.POV.GINI,Cameroon,CMR,..,..,46.6,..,..,..,..,..,..,42.2,..,..
Gini index,SI.POV.GINI,Canada,CAN,31.4,33.4,33.2,33.7,32.7,33.3,32.5,31.7,..,..,..,..
Gini index,SI.POV.GINI,Cayman Islands,CYM,..,..,..,..,..,..,..,..,..,..,..,..
Gini index,SI.POV.GINI,Central African Republic,CAF,..,..,..,..,..,..,..,..,..,43,..,..
Gini index,SI.POV.GINI,Chad,TCD,..,..,..,..,..,..,37.5,..,..,..,37.4,..
Gini index,SI.POV.GINI,Channel Islands,CHI,..,..,..,..,..,..,..,..,..,..,..,..
Gini index,SI.POV.GINI,Chile,CHL,57.2,52.8,..,45.3,..,45.3,..,..,47,..,43,..
Gini index,SI.POV.GINI,China,CHN,32.2,..,39.2,38.6,38.5,39.1,38.5,38.2,37.1,35.7,..,..
Gini index,SI.POV.GINI,Colombia,COL,..,58.4,52.5,51,50.6,49.7,50.4,51.3,53.5,55.1,54.8,..
Gini index,SI.POV.GINI,Comoros,COM,..,..,45.3,..,..,..,..,..,..,..,..,..
Gini index,SI.POV.GINI,"Congo, Dem. Rep.",COD,..,..,..,..,..,..,..,..,44.7,..,..,..
Gini index,SI.POV.GINI,"Congo, Rep.",COG,..,..,..,..,..,..,..,..,..,..,..,..
Gini index,SI.POV.GINI,Costa Rica,CRI,45.2,47.4,48.6,48.4,48.7,48.3,48,48.2,49.2,48.7,47.2,46.7
Gini index,SI.POV.GINI,Cote d'Ivoire,CIV,..,..,..,41.5,..,..,37.2,..,..,35.3,..,..
Gini index,SI.POV.GINI,Croatia,HRV,..,..,32.1,31.1,30.9,30.4,29.7,28.9,29.5,28.9,..,..
Gini index,SI.POV.GINI,Cuba,CUB,..,..,..,..,..,..,..,..,..,..,..,..
Gini index,SI.POV.GINI,Curacao,CUW,..,..,..,..,..,..,..,..,..,..,..,..
Gini index,SI.POV.GINI,Cyprus,CYP,..,..,35.6,34,32.9,31.4,32.7,31.2,31.7,31.3,..,..
Gini index,SI.POV.GINI,Czechia,CZE,..,..,25.9,25.9,25.4,24.9,25,25.3,26.2,26.2,..,..
Gini index,SI.POV.GINI,Denmark,DNK,..,23.8,28.4,28.2,28.2,28.7,28.2,27.7,27.5,28.3,..,..
Gini index,SI.POV.GINI,Djibouti,DJI,..,..,..,..,..,41.6,..,..,..,..,..,..
Gini index,SI.POV.GINI,Dominica,DMA,..,..,..,..,..,..,..,..,..,..,..,..
Gini index,SI.POV.GINI,Dominican Republic,DOM,..,51.5,44.3,45.2,45.7,42.2,43.7,41.9,39.6,38.5,37,..
Gini index,SI.POV.GINI,Ecuador,ECU,..,56.3,45,46,45,44.7,45.4,45.7,47.3,45.8,45.5,44.6
Gini index,SI.POV.GINI,"Egypt, Arab Rep.",EGY,32,..,..,31.8,..,31.5,..,31.9,..,..,..,..
Gini index,SI.POV.GINI,El Salvador,SLV,..,51.5,41.6,40.6,40,38,38.6,38.8,..,39,38.8,..
Gini index,SI.POV.GINI,Equatorial Guinea,GNQ,..,..,..,..,..,..,..,..,..,..,..,..
Gini index,SI.POV.GINI,Eritrea,ERI,..,..,..,..,..,..,..,..,..,..,..,..
Gini index,SI.POV.GINI,Estonia,EST,..,..,34.6,32.7,31.2,30.4,30.3,30.8,30.7,31.8,..,..
Gini index,SI.POV.GINI,Eswatini,SWZ,..,53.1,..,..,54.6,..,..,..,..,..,..,..
Gini index,SI.POV.GINI,Ethiopia,ETH,..,..,..,35,..,..,..,..,..,..,..,..
Gini index,SI.POV.GINI,Faroe Islands,FRO,..,..,..,..,..,..,..,..,..,..,..,..
Gini index,SI.POV.GINI,Fiji,FJI,..,..,..,..,..,..,..,30.7,..,..,..,..
Gini index,SI.POV.GINI,Finland,FIN,..,27.2,26.8,27.1,27.1,27.4,27.3,27.7,27.1,27.7,..,..
Gini index,SI.POV.GINI,France,FRA,32.1,32.6,32.3,32.7,31.9,31.6,32.4,31.2,30.7,31.5,..,..
Gini index,SI.POV.GINI,French Polynesia,PYF,..,..,..,..,..,..,..,..,..,..,..,..
Gini index,SI.POV.GINI,Gabon,GAB,..,..,..,..,..,38,..,..,..,..,..,..
Gini index,SI.POV.GINI,"Gambia, The",GMB,..,..,..,35.9,..,..,..,..,38.8,..,..,..
Gini index,SI.POV.GINI,Georgia,GEO,..,40.5,37.6,36.5,36.6,37.9,36.4,35.9,34.5,34.2,33.5,..
Gini index,SI.POV.GINI,Germany,DEU,..,28.9,30.8,31.7,31.4,31.3,31.9,31.8,32.4,..,..,..
Gini index,SI.POV.GINI,Ghana,GHA,..,..,..,..,43.5,..,..,..,..,..,..,..
Gini index,SI.POV.GINI,Gibraltar,GIB,..,..,..,..,..,..,..,..,..,..,..,..
Gini index,SI.POV.GINI,Greece,GRC,..,34.2,35.8,36,35,34.4,32.9,33.1,33.6,32.9,..,..
Gini index,SI.POV.GINI,Greenland,GRL,..,..,..,..,..,..,..,..,..,..,..,..
Gini index,SI.POV.GINI,Grenada,GRD,..,..,..,..,..,..,43.8,..,..,..,..,..
Gini index,SI.POV.GINI,Guam,GUM,..,..,..,..,..,..,..,..,..,..,..,..
Gini index,SI.POV.GINI,Guatemala,GTM,..,54.2,48.3,..,..,..,..,..,..,..,..,..
Gini index,SI.POV.GINI,Guinea,GIN,..,..,..,..,..,..,29.6,..,..,..,..,..
Gini index,SI.POV.GINI,Guinea-Bissau,GNB,..,..,..,..,..,..,34.8,..,..,33.4,..,..
Gini index,SI.POV.GINI,Guyana,GUY,..,..,..,..,..,..,..,..,..,..,..,..
Gini index,SI.POV.GINI,Haiti,HTI,..,..,..,..,..,..,..,..,..,..,..,..
Gini index,SI.POV.GINI,Honduras,HND,55.9,..,49.9,49.2,49.8,49.4,48.9,48.2,..,..,..,..
Gini index,SI.POV.GINI,"Hong Kong SAR, China",HKG,..,..,..,..,..,..,..,..,..,..,..,..
Gini index,SI.POV.GINI,Hungary,HUN,..,..,30.9,30.4,30.3,30.6,29.6,30,29.7,29.2,..,..
Gini index,SI.POV.GINI,Iceland,ISL,..,..,27.8,26.8,27.2,26.1,..,..,..,..,..,..
Gini index,SI.POV.GINI,India,IND,..,..,..,34.7,34.7,35.9,34.5,33.8,33.8,32.8,..,..
Gini index,SI.POV.GINI,Indonesia,IDN,31.1,30.3,38.8,38.2,36.9,36.4,36.3,35.4,35.3,35.5,35.5,36.1
Gini index,SI.POV.GINI,"Iran, Islamic Rep.",IRN,43.6,..,34.8,35.3,35.9,36.7,37.4,36.5,35.8,35.5,34.8,..
Gini index,SI.POV.GINI,Iraq,IRQ,..,..,..,..,..,..,..,..,..,..,..,..
Gini index,SI.POV.GINI,Ireland,IRL,..,33,31.9,31.8,32.8,31.4,30.6,30.8,29.2,30.1,..,..
Gini index,SI.POV.GINI,Isle of Man,IMN,..,..,..,..,..,..,..,..,..,..,..,..
Gini index,SI.POV.GINI,Israel,ISR,..,..,39.8,39.7,39,38.2,38.6,38.3,37.8,37.9,..,..
Gini index,SI.POV.GINI,Italy,ITA,..,35.2,34.7,35.4,35.2,35.9,35.2,34.6,35.2,34.8,..,..
Gini index,SI.POV.GINI,Jamaica,JAM,41.1,..,..,..,..,..,35.6,..,..,40.2,..,..
Gini index,SI.POV.GINI,Japan,JPN,..,..,..,..,..,..,..,..,..,..,..,..
Gini index,SI.POV.GINI,Jordan,JOR,..,..,..,..,..,..,..,..,..,..,..,..
Gini index,SI.POV.GINI,Kazakhstan,KAZ,..,..,27,26.8,27.2,27.5,27.8,28,28.7,29.2,..,..
Gini index,SI.POV.GINI,Kenya,KEN,..,..,..,40.8,..,..,..,..,36.2,38.7,..,..
Gini index,SI.POV.GINI,Kiribati,KIR,..,..,..,..,..,..,..,27.8,..,..,..,..
Gini index,SI.POV.GINI,"Korea, Dem. People's Rep.",PRK,..,..,..,..,..,..,..,..,..,..,..,..
Gini index,SI.POV.GINI,"Korea, Rep.",KOR,..,..,31.2,..,35.2,34.9,33.7,33.2,32.7,32.9,..,..
Gini index,SI.POV.GINI,Kosovo,XKX,..,..,27.3,26.5,26.7,29,..,..,..,..,..,..
Gini index,SI.POV.GINI,Kuwait,KWT,..,..,..,..,..,..,..,..,..,..,..,..
Gini index,SI.POV.GINI,Kyrgyz Republic,KGZ,..,31,26.8,29,26.8,27.3,27.7,29.7,29,28.8,26.4,..
Gini index,SI.POV.GINI,Lao PDR,LAO,..,..,..,..,..,..,38.8,..,..,..,..,..
Gini index,SI.POV.GINI,Latvia,LVA,..,..,35.1,34.2,34.3,35.6,35.1,34.5,35.7,34.3,..,..
Gini index,SI.POV.GINI,Lebanon,LBN,..,..,..,..,..,..,..,..,..,..,..,..
Gini index,SI.POV.GINI,Lesotho,LSO,..,..,..,..,..,44.9,..,..,..,..,..,..
Gini index,SI.POV.GINI,Liberia,LBR,..,..,33.2,..,35.3,..,..,..,..,..,..,..
Gini index,SI.POV.GINI,Libya,LBY,..,..,..,..,..,..,..,..,..,..,..,..
Gini index,SI.POV.GINI,Liechtenstein,LIE,..,..,..,..,..,..,..,..,..,..,..,..
Gini index,SI.POV.GINI,Lithuania,LTU,..,..,37.7,37.4,38.4,37.3,35.7,35.3,36,36.7,..,..
Gini index,SI.POV.GINI,Luxembourg,LUX,27.7,30.1,31.2,32.9,31.7,34.5,35.4,34.2,33.4,32.7,..,..
Gini index,SI.POV.GINI,"Macao SAR, China",MAC,..,..,..,..,..,..,..,..,..,..,..,..
Gini index,SI.POV.GINI,Madagascar,MDG,..,..,..,..,..,..,..,..,..,..,..,..
Gini index,SI.POV.GINI,Malawi,MWI,..,..,..,..,44.7,..,..,38.5,..,..,..,..
Gini index,SI.POV.GINI,Malaysia,MYS,..,..,..,41.1,..,..,41.2,..,..,40.7,..,..
Gini index,SI.POV.GINI,Maldives,MDV,..,..,..,..,31.3,..,..,29.3,..,..,..,..
Gini index,SI.POV.GINI,Mali,MLI,..,..,..,..,..,..,36,..,..,35.7,..,..
Gini index,SI.POV.GINI,Malta,MLT,..,..,29,29.4,29.1,29.2,28.7,31,31.4,..,..,..
Gini index,SI.POV.GINI,Marshall Islands,MHL,..,..,..,..,..,..,..,35.5,..,..,..,..
Gini index,SI.POV.GINI,Mauritania,MRT,..,39,32.6,..,..,..,..,32,..,..,..,..
Gini index,SI.POV.GINI,Mauritius,MUS,..,..,..,..,..,36.8,..,..,..,..,..,..
Gini index,SI.POV.GINI,Mexico,MEX,..,53.4,48.9,..,46.9,..,46,..,44.6,..,43.5,..
Gini index,SI.POV.GINI,"Micronesia, Fed. Sts.",FSM,..,..,..,..,..,..,..,..,..,..,..,..
Gini index,SI.POV.GINI,Moldova,MDA,..,36.4,26.8,27,26.3,25.9,25.7,26,..,25.7,..,..
Gini index,SI.POV.GINI,Monaco,MCO,..,..,..,..,..,..,..,..,..,..,..,..
Gini index,SI.POV.GINI,Mongolia,MNG,..,..,32,..,32.3,..,32.7,..,..,..,31.4,..
Gini index,SI.POV.GINI,Montenegro,MNE,..,..,38.8,39,38.5,36.9,36.8,35.7,35.4,34.3,..,..
Gini index,SI.POV.GINI,Morocco,MAR,39.2,40.6,..,..,..,..,..,..,..,..,..,..
Gini index,SI.POV.GINI,Mozambique,MOZ,..,..,54,..,..,..,..,50.3,..,..,..,..
Gini index,SI.POV.GINI,Myanmar,MMR,..,..,..,38.1,..,30.7,..,..,..,..,..,..
Gini index,SI.POV.GINI,Namibia,NAM,..,..,..,59.1,..,..,..,..,..,..,..,..
Gini index,SI.POV.GINI,Nauru,NRU,..,..,..,..,..,..,..,..,..,..,..,..
Gini index,SI.POV.GINI,Nepal,NPL,..,..,..,..,..,..,..,..,..,..,30,..
Gini index,SI.POV.GINI,Netherlands,NLD,31.1,..,28.6,28.2,28.2,28.5,28.1,29.2,26,25.7,..,..
Gini index,SI.POV.GINI,New Caledonia,NCL,..,..,..,..,..,..,..,..,..,..,..,..
Gini index,SI.POV.GINI,New Zealand,NZL,..,..,..,..,..,..,..,..,..,..,..,..
Gini index,SI.POV.GINI,Nicaragua,NIC,..,..,46.2,..,..,..,..,..,..,..,..,..
Gini index,SI.POV.GINI,Niger,NER,..,..,34.3,..,..,..,37.3,..,..,32.9,..,..
Gini index,SI.POV.GINI,Nigeria,NGA,..,..,..,35.9,..,..,35.1,..,..,..,..,..
Gini index,SI.POV.GINI,North Macedonia,MKD,..,..,35.2,35.6,34.5,34.2,33,33.5,..,..,..,..
Gini index,SI.POV.GINI,Northern Mariana Islands,MNP,..,..,..,..,..,..,..,..,..,..,..,..
Gini index,SI.POV.GINI,Norway,NOR,..,27.4,26.8,27.5,28.5,27,27.6,27.7,..,..,..,..
Gini index,SI.POV.GINI,Oman,OMN,..,..,..,..,..,..,..,..,..,..,..,..
Gini index,SI.POV.GINI,Pakistan,PAK,33.2,..,..,31.3,..,..,29.6,..,..,..,..,..
Gini index,SI.POV.GINI,Palau,PLW,..,..,..,..,..,..,..,..,..,..,..,..
Gini index,SI.POV.GINI,Panama,PAN,..,56.6,50.5,50.8,50.4,49.9,49.2,49.8,..,50.9,..,48.9
Gini index,SI.POV.GINI,Papua New Guinea,PNG,..,..,..,..,..,..,..,..,..,..,..,..
Gini index,SI.POV.GINI,Paraguay,PRY,40.8,..,50.7,47.6,47.9,48.5,46,45.7,43.5,42.9,45.1,..
Gini index,SI.POV.GINI,Peru,PER,..,49.1,43.1,43.4,43.6,43.3,42.4,41.5,43.7,40.1,40.3,..
Gini index,SI.POV.GINI,Philippines,PHL,..,47.7,..,44.6,..,..,42.3,..,..,40.7,..,..
Gini index,SI.POV.GINI,Poland,POL,..,..,32.8,31.8,31.2,29.7,30.2,28.8,28.5,28.5,..,..
Gini index,SI.POV.GINI,Portugal,PRT,..,..,35.6,35.5,35.2,33.8,33.5,32.8,34.7,34.6,..,..
Gini index,SI.POV.GINI,Puerto Rico,PRI,..,..,..,..,..,..,..,..,..,..,..,..
Gini index,SI.POV.GINI,Qatar,QAT,..,..,..,..,..,35.1,..,..,..,..,..,..
Gini index,SI.POV.GINI,Romania,ROU,..,..,36,35.9,34.4,36,35.8,34.8,34.6,33.9,..,..
Gini index,SI.POV.GINI,Russian Federation,RUS,..,..,36.9,36.5,36.7,35.5,35.3,35.7,33.7,35.1,..,..
Gini index,SI.POV.GINI,Rwanda,RWA,..,48.5,..,..,43.7,..,..,..,..,..,..,..
Gini index,SI.POV.GINI,Samoa,WSM,..,..,..,..,..,..,..,..,..,..,..,..
Gini index,SI.POV.GINI,San Marino,SMR,..,..,..,..,..,..,..,..,..,..,..,..
Gini index,SI.POV.GINI,Sao Tome and Principe,STP,..,32.1,..,..,..,40.7,..,..,..,..,..,..
Gini index,SI.POV.GINI,Saudi Arabia,SAU,..,..,..,..,..,..,..,..,..,..,..,..
Gini index,SI.POV.GINI,Senegal,SEN,..,..,..,..,..,..,38.3,..,..,36.2,..,..
Gini index,SI.POV.GINI,Serbia,SRB,..,..,40.4,40.5,38.8,36.1,35,34.5,35,33.1,..,..
Gini index,SI.POV.GINI,Seychelles,SYC,..,..,..,..,..,..,32.1,..,..,..,..,..
Gini index,SI.POV.GINI,Sierra Leone,SLE,..,..,..,..,..,..,35.7,..,..,..,..,..
Gini index,SI.POV.GINI,Singapore,SGP,..,..,..,..,..,..,..,..,..,..,..,..
Gini index,SI.POV.GINI,Sint Maarten (Dutch part),SXM,..,..,..,..,..,..,..,..,..,..,..,..
Gini index,SI.POV.GINI,Slovak Republic,SVK,..,..,26.1,26.5,25.2,23.2,25,23.2,24.2,24.1,..,..
Gini index,SI.POV.GINI,Slovenia,SVN,..,..,25.7,25.4,24.8,24.2,24.6,24.4,24,24.3,..,..
Gini index,SI.POV.GINI,Solomon Islands,SLB,..,..,..,..,..,..,..,..,..,..,..,..
Gini index,SI.POV.GINI,Somalia,SOM,..,..,..,..,..,..,..,..,..,..,..,..
Gini index,SI.POV.GINI,South Africa,ZAF,..,57.8,63,..,..,..,..,..,..,..,..,..
Gini index,SI.POV.GINI,South Sudan,SSD,..,..,..,..,44.1,..,..,..,..,..,..,..
Gini index,SI.POV.GINI,Spain,ESP,32,34.1,36.1,36.2,35.8,34.7,34.7,34.3,34.9,33.9,..,..
Gini index,SI.POV.GINI,Sri Lanka,LKA,32.4,..,..,..,39.3,..,..,37.7,..,..,..,..
Gini index,SI.POV.GINI,St. Kitts and Nevis,KNA,..,..,..,..,..,..,..,..,..,..,..,..
Gini index,SI.POV.GINI,St. Lucia,LCA,..,..,..,43.7,..,..,..,..,..,..,..,..
Gini index,SI.POV.GINI,St. Martin (French part),MAF,..,..,..,..,..,..,..,..,..,..,..,..
Gini index,SI.POV.GINI,St. Vincent and the Grenadines,VCT,..,..,..,..,..,..,..,..,..,..,..,..
Gini index,SI.POV.GINI,Sudan,SDN,..,..,34.2,..,..,..,..,..,..,..,..,..
Gini index,SI.POV.GINI,Suriname,SUR,..,..,..,..,..,..,..,..,..,..,39.2,..
Gini index,SI.POV.GINI,Sweden,SWE,..,27,28.4,29.2,29.6,28.8,30,29.3,28.9,29.8,..,..
Gini index,SI.POV.GINI,Switzerland,CHE,..,33.4,32.5,32.3,33,32.7,33.1,34,33.7,..,..,..
Gini index,SI.POV.GINI,Syrian Arab Republic,SYR,..,..,..,..,..,..,..,..,..,..,26.6,..
Gini index,SI.POV.GINI,Tajikistan,TJK,..,..,..,34,..,..,..,..,..,..,..,..
Gini index,SI.POV.GINI,Tanzania,TZA,..,37.3,..,..,..,..,40.5,..,..,..,..,..
Gini index,SI.POV.GINI,Thailand,THA,45.3,42.8,37,36,36.9,36.4,36.4,34.9,35,34.9,..,..
Gini index,SI.POV.GINI,Timor-Leste,TLS,..,..,28.7,..,..,..,..,..,..,..,..,..
Gini index,SI.POV.GINI,Togo,TGO,..,..,..,43,..,..,42.5,..,..,37.9,..,..
Gini index,SI.POV.GINI,Tonga,TON,..,37.7,..,33.5,..,..,..,..,..,27.1,..,..
Gini index,SI.POV.GINI,Trinidad and Tobago,TTO,..,..,..,..,..,..,..,..,..,..,..,..
Gini index,SI.POV.GINI,Tunisia,TUN,40.1,40.8,..,32.8,..,..,..,..,..,33.7,..,..
Gini index,SI.POV.GINI,Turkiye,TUR,..,..,..,..,..,43.5,42.4,43.8,43,44.4,..,..
Gini index,SI.POV.GINI,Turkmenistan,TKM,..,..,..,..,..,..,..,..,..,..,..,..
Gini index,SI.POV.GINI,Turks and Caicos Islands,TCA,..,..,..,..,..,..,..,..,..,..,..,..
Gini index,SI.POV.GINI,Tuvalu,TUV,..,..,..,..,..,..,..,..,..,..,..,..
Gini index,SI.POV.GINI,Uganda,UGA,..,..,..,..,42.8,..,..,42.7,..,..,..,..
Gini index,SI.POV.GINI,Ukraine,UKR,..,..,24,25.5,25,26,26.1,26.6,25.6,..,..,..
Gini index,SI.POV.GINI,United Arab Emirates,ARE,..,..,..,..,..,..,26.4,..,..,..,..,..
Gini index,SI.POV.GINI,United Kingdom,GBR,35.7,38.8,33.1,33.3,33.1,32.6,33.7,32.8,32.6,32.4,..,..
Gini index,SI.POV.GINI,United States,USA,38.3,40.1,41.5,41.2,41.1,41.2,41.4,41.5,39.7,39.7,41.3,..
Gini index,SI.POV.GINI,Uruguay,URY,..,42.9,40.1,40.1,39.7,39.5,39.7,39.7,40.2,40.8,40.6,..
Gini index,SI.POV.GINI,Uzbekistan,UZB,..,36,..,..,..,..,..,..,..,..,31.2,..
Gini index,SI.POV.GINI,Vanuatu,VUT,..,..,..,..,..,..,..,32.3,..,..,..,..
Gini index,SI.POV.GINI,"Venezuela, RB",VEN,..,..,..,..,..,..,..,..,..,..,..,..
Gini index,SI.POV.GINI,Viet Nam,VNM,..,..,34.8,..,35.3,..,35.7,..,36.8,..,36.1,..
Gini index,SI.POV.GINI,Virgin Islands (U.S.),VIR,..,..,..,..,..,..,..,..,..,..,..,..
Gini index,SI.POV.GINI,West Bank and Gaza,PSE,..,..,..,..,33.7,..,..,..,..,..,..,..
Gini index,SI.POV.GINI,"Yemen, Rep.",YEM,..,..,36.7,..,..,..,..,..,..,..,..,..
Gini index,SI.POV.GINI,Zambia,ZMB,..,..,..,55.8,..,..,..,..,..,..,51.5,..
Gini index,SI.POV.GINI,Zimbabwe,ZWE,..,..,..,..,..,44.3,..,50.3,..,..,..,..
Gini index,SI.POV.GINI,Africa Eastern and Southern,AFE,..,..,..,..,..,..,..,..,..,..,..,..
Gini index,SI.POV.GINI,Africa Western and Central,AFW,..,..,..,..,..,..,..,..,..,..,..,..
Gini index,SI.POV.GINI,Arab World,ARB,..,..,..,..,..,..,..,..,..,..,..,..
Gini index,SI.POV.GINI,Caribbean small states,CSS,..,..,..,..,..,..,..,..,..,..,..,..
Gini index,SI.POV.GINI,Central Europe and the Baltics,CEB,..,..,..,..,..,..,..,..,..,..,..,..
Gini index,SI.POV.GINI,Early-demographic dividend,EAR,..,..,..,..,..,..,..,..,..,..,..,..
Gini index,SI.POV.GINI,East Asia & Pacific,EAS,..,..,..,..,..,..,..,..,..,..,..,..
Gini index,SI.POV.GINI,East Asia & Pacific (excluding high income),EAP,..,..,..,..,..,..,..,..,..,..,..,..
Gini index,SI.POV.GINI,East Asia & Pacific (IDA & IBRD countries),TEA,..,..,..,..,..,..,..,..,..,..,..,..
Gini index,SI.POV.GINI,Euro area,EMU,..,..,..,..,..,..,..,..,..,..,..,..
Gini index,SI.POV.GINI,Europe & Central Asia,ECS,..,..,..,..,..,..,..,..,..,..,..,..
Gini index,SI.POV.GINI,Europe & Central Asia (excluding high income),ECA,..,..,..,..,..,..,..,..,..,..,..,..
Gini index,SI.POV.GINI,Europe & Central Asia (IDA & IBRD countries),TEC,..,..,..,..,..,..,..,..,..,..,..,..
Gini index,SI.POV.GINI,European Union,EUU,..,..,..,..,..,..,..,..,..,..,..,..
Gini index,SI.POV.GINI,Fragile and conflict affected situations,FCS,..,..,..,..,..,..,..,..,..,..,..,..
Gini index,SI.POV.GINI,Heavily indebted poor countries (HIPC),HPC,..,..,..,..,..,..,..,..,..,..,..,..
Gini index,SI.POV.GINI,High income,HIC,..,..,..,..,..,..,..,..,..,..,..,..
Gini index,SI.POV.GINI,IBRD only,IBD,..,..,..,..,..,..,..,..,..,..,..,..
Gini index,SI.POV.GINI,IDA & IBRD total,IBT,..,..,..,..,..,..,..,..,..,..,..,..
Gini index,SI.POV.GINI,IDA blend,IDB,..,..,..,..,..,..,..,..,..,..,..,..
Gini index,SI.POV.GINI,IDA only,IDX,..,..,..,..,..,..,..,..,..,..,..,..
Gini index,SI.POV.GINI,IDA total,IDA,..,..,..,..,..,..,..,..,..,..,..,..
Gini index,SI.POV.GINI,Late-demographic dividend,LTE,..,..,..,..,..,..,..,..,..,..,..,..
Gini index,SI.POV.GINI,Latin America & Caribbean,LCN,..,..,..,..,..,..,..,..,..,..,..,..
Gini index,SI.POV.GINI,Latin America & Caribbean (excluding high income),LAC,..,..,..,..,..,..,..,..,..,..,..,..
Gini index,SI.POV.GINI,Latin America & the Caribbean (IDA & IBRD countries),TLA,..,..,..,..,..,..,..,..,..,..,..,..
Gini index,SI.POV.GINI,Least developed countries: UN classification,LDC,..,..,..,..,..,..,..,..,..,..,..,..
Gini index,SI.POV.GINI,Low & middle income,LMY,..,..,..,..,..,..,..,..,..,..,..,..
Gini index,SI.POV.GINI,Low income,LIC,..,..,..,..,..,..,..,..,..,..,..,..
Gini index,SI.POV.GINI,Lower middle income,LMC,..,..,..,..,..,..,..,..,..,..,..,..
Gini index,SI.POV.GINI,Middle East & North Africa,MEA,..,..,..,..,..,..,..,..,..,..,..,..
Gini index,SI.POV.GINI,Middle East & North Africa (excluding high income),MNA,..,..,..,..,..,..,..,..,..,..,..,..
Gini index,SI.POV.GINI,Middle East & North Africa (IDA & IBRD countries),TMN,..,..,..,..,..,..,..,..,..,..,..,..
Gini index,SI.POV.GINI,Middle income,MIC,..,..,..,..,..,..,..,..,..,..,..,..
Gini index,SI.POV.GINI,North America,NAC,..,..,..,..,..,..,..,..,..,..,..,..
Gini index,SI.POV.GINI,Not classified,INX,..,..,..,..,..,..,..,..,..,..,..,..
Gini index,SI.POV.GINI,OECD members,OED,..,..,..,..,..,..,..,..,..,..,..,..
Gini index,SI.POV.GINI,Other small states,OSS,..,..,..,..,..,..,..,..,..,..,..,..
Gini index,SI.POV.GINI,Pacific island small states,PSS,..,..,..,..,..,..,..,..,..,..,..,..
Gini index,SI.POV.GINI,Post-demographic dividend,PST,..,..,..,..,..,..,..,..,..,..,..,..
Gini index,SI.POV.GINI,Pre-demographic dividend,PRE,..,..,..,..,..,..,..,..,..,..,..,..
Gini index,SI.POV.GINI,Small states,SST,..,..,..,..,..,..,..,..,..,..,..,..
Gini index,SI.POV.GINI,South Asia,SAS,..,..,..,..,..,..,..,..,..,..,..,..
Gini index,SI.POV.GINI,South Asia (IDA & IBRD),TSA,..,..,..,..,..,..,..,..,..,..,..,..
Gini index,SI.POV.GINI,Sub-Saharan Africa,SSF,..,..,..,..,..,..,..,..,..,..,..,..
Gini index,SI.POV.GINI,Sub-Saharan Africa (excluding high income),SSA,..,..,..,..,..,..,..,..,..,..,..,..
Gini index,SI.POV.GINI,Sub-Saharan Africa (IDA & IBRD countries),TSS,..,..,..,..,..,..,..,..,..,..,..,..
Gini index,SI.POV.GINI,Upper middle income,UMC,..,..,..,..,..,..,..,..,..,..,..,..
Gini index,SI.POV.GINI,World,WLD,..,..,..,..,..,..,..,..,..,..,..,..
,,,,,,,,,,,,,,,
,,,,,,,,,,,,,,,
,,,,,,,,,,,,,,,
Data from database: World Development Indicators,,,,,,,,,,,,,,,
Last Updated: 01/28/2025,,,,,,,,,,,,,,,
Code,License Type,Indicator Name,Short definition,Long definition,Source,Topic,Unit of measure,Periodicity,Statistical concept and methodology,Development relevance,Limitations and exceptions,General comments,Related source links,License URL
SI.POV.GINI,CC BY-4.0,Gini index,"The Gini index measures the extent to which the distribution of income or consumption among individuals or households within an economy deviates from a perfectly equal distribution. A Gini index of 0 represents perfect equality, while an index of 100 implies perfect inequality.","Gini index measures the extent to which the distribution of income (or, in some cases, consumption expenditure) among individuals or households within an economy deviates from a perfectly equal distribution. A Lorenz curve plots the cumulative percentages of total income received against the cumulative number of recipients, starting with the poorest individual or household. The Gini index measures the area between the Lorenz curve and a hypothetical line of absolute equality, expressed as a percentage of the maximum area under the line. Thus a Gini index of 0 represents perfect equality, while an index of 100 implies perfect inequality.","World Bank, Poverty and Inequality Platform. Data are based on primary household survey data obtained from government statistical agencies and World Bank country departments. Data for high-income economies are mostly from the Luxembourg Income Study database. For more information and methodology, please see http://pip.worldbank.org.",Poverty: Income distribution,%,Annual,"The Gini index measures the area between the Lorenz curve and a hypothetical line of absolute equality, expressed as a percentage of the maximum area under the line. A Lorenz curve plots the cumulative percentages of total income received against the cumulative number of recipients, starting with the poorest individual. Thus a Gini index of 0 represents perfect equality, while an index of 100 implies perfect inequality.

The Gini index provides a convenient summary measure of the degree of inequality. Data on the distribution of income or consumption come from nationally representative household surveys. Where the original data from the household survey were available, they have been used to calculate the income or consumption shares by quintile. Otherwise, shares have been estimated from the best available grouped data.

The distribution data have been adjusted for household size, providing a more consistent measure of per capita income or consumption. 

The year reflects the year in which the underlying household survey data were collected or, when the data collection period bridged two calendar years, the year data collection started.",The World Bank Group's goal of promoting shared prosperity has been defined as fostering income growth of the bottom 40 per cent of the welfare distribution in every country. Gini coefficients are important background information for shared prosperity.,"Gini coefficients are not unique. It is possible for two different Lorenz curves to give rise to the same Gini coefficient. Furthermore it is possible for the Gini coefficient of a developing country to rise (due to increasing inequality of income) while the number of people in absolute poverty decreases. This is because the Gini coefficient measures relative, not absolute, wealth.

Another limitation of the Gini coefficient is that it is not additive across groups, i.e. the total Gini of a society is not equal to the sum of the Gini's for its sub-groups. Thus, country-level Gini coefficients cannot be aggregated into regional or global Gini's, although a Gini coefficient can be computed for the aggregate.

Because the underlying household surveys differ in methods and types of welfare measures collected, data are not strictly comparable across countries or even across years within a country. Two sources of non-comparability should be noted for distributions of income in particular. First, the surveys can differ in many respects, including whether they use income or consumption expenditure as the living standard indicator. The distribution of income is typically more unequal than the distribution of consumption. In addition, the definitions of income used differ more often among surveys. Consumption is usually a much better welfare indicator, particularly in developing countries. Second, households differ in size (number of members) and in the extent of income sharing among members. And individuals differ in age and consumption needs. Differences among countries in these respects may bias comparisons of distribution. 

World Bank staff have made an effort to ensure that the data are as comparable as possible. Wherever possible, consumption has been used rather than income. Income distribution and Gini indexes for high-income economies are calculated directly from the Luxembourg Income Study database, using an estimation method consistent with that applied for developing countries.",The World Bank’s internationally comparable poverty monitoring database now draws on income or detailed consumption data from more than 2000 household surveys across 169 countries. See the Poverty and Inequality Platform (PIP) for details (www.pip.worldbank.org).,"World Bank, Poverty and Inequality Platform: https://pip.worldbank.org/",https://datacatalog.worldbank.org/public-licenses#cc-by
